Guid,AccountId,LastName,FirstName,Salutation,OtherStreet,OtherCity,OtherState,OtherPostalCode,OtherCountry,OtherLatitude,OtherLongitude,OtherGeocodeAccuracy,MailingStreet,MailingCity,MailingState,MailingPostalCode,MailingCountry,MailingLatitude,MailingLongitude,MailingGeocodeAccuracy,Phone,Fax,MobilePhone,HomePhone,OtherPhone,AssistantPhone,Email,Title,Department,AssistantName,LeadSource,Birthdate,Description,EmailBouncedReason,EmailBouncedDate,Jigsaw
f76db6e4-f254-4685-a10a-0816eaa71382,690660d4-0adb-4d4a-a7e2-d883b4b25567,x,#N/A,#N/A,#N/A,#N/A,#N/A,#N/A,#N/A,#N/A,#N/A,#N/A,#N/A,#N/A,#N/A,#N/A,#N/A,#N/A,#N/A,#N/A,#N/A,#N/A,#N/A,#N/A,#N/A,#N/A,#N/A,#N/A,#N/A,#N/A,#N/A,#N/A,#N/A,#N/A,#N/A,#N/A
1cbcad18-a214-42ae-b94d-f32fd6976b33,ce3164a0-ef61-45d1-b33e-08692bb60f64,Jones,Howard,#N/A,#N/A,#N/A,#N/A,#N/A,#N/A,#N/A,#N/A,#N/A,10 Main Rd.,New York,NY,31349,USA,#N/A,#N/A,#N/A,(212) 555-5555,(212) 555-5555,#N/A,#N/A,#N/A,#N/A,info@salesforce.com,Buyer,#N/A,#N/A,#N/A,#N/A,#N/A,#N/A,#N/A,#N/A
5e335e85-62e8-4791-b8f8-03b2ebca2829,690660d4-0adb-4d4a-a7e2-d883b4b25567,x,#N/A,#N/A,#N/A,#N/A,#N/A,#N/A,#N/A,#N/A,#N/A,#N/A,#N/A,#N/A,#N/A,#N/A,#N/A,#N/A,#N/A,#N/A,#N/A,#N/A,#N/A,#N/A,#N/A,#N/A,#N/A,#N/A,#N/A,#N/A,#N/A,#N/A,#N/A,#N/A,#N/A,#N/A
2c3617dd-3df8-4759-85a9-0e0ac61af862,ce3164a0-ef61-45d1-b33e-08692bb60f64,Stamos,Edward,#N/A,10 Main Rd.,New York City,NY,31349,USA,#N/A,#N/A,#N/A,10 Main Rd.,New York City,NY,31349,USA,#N/A,#N/A,#N/A,(212) 555-5555,(212) 555-5555,#N/A,#N/A,#N/A,#N/A,info@salesforce.com,President and CEO,#N/A,#N/A,#N/A,#N/A,#N/A,#N/A,#N/A,#N/A
3b63cf6e-4c8a-4e09-a969-478f26cf81d8,441d542a-796a-4d79-9f09-242d8998f9f8,AW,#N/A,Dr.,#N/A,#N/A,#N/A,#N/A,#N/A,#N/A,#N/A,#N/A,#N/A,#N/A,#N/A,#N/A,#N/A,#N/A,#N/A,#N/A,#N/A,#N/A,#N/A,#N/A,#N/A,#N/A,#N/A,#N/A,#N/A,#N/A,#N/A,#N/A,#N/A,#N/A,#N/A,#N/A
2cdad7d0-482f-4646-a90d-467ef6330d82,d37646fd-0dbe-4e2c-b3f5-1ceb3f7303c8,Amos,Jon,#N/A,#N/A,#N/A,#N/A,#N/A,#N/A,#N/A,#N/A,#N/A,150 Chestnut Street,Toronto,Ontario,L4B 1Y3,Canada,#N/A,#N/A,#N/A,(905) 555-1212,(555) 555-1212,#N/A,#N/A,#N/A,#N/A,info@salesforce.com,Sales Manager,#N/A,#N/A,#N/A,#N/A,#N/A,#N/A,#N/A,#N/A
da4140ca-07d9-4833-ac5e-fce5644425e9,d37646fd-0dbe-4e2c-b3f5-1ceb3f7303c8,Minor,Geoff,#N/A,150 Chestnut Street,Toronto,Ontario,L4B 1Y3,Canada,#N/A,#N/A,#N/A,150 Chestnut Street,Toronto,Ontario,L4B 1Y3,Canada,#N/A,#N/A,#N/A,(415) 555-1212,#N/A,#N/A,#N/A,#N/A,#N/A,info@salesforce.com,President,#N/A,#N/A,#N/A,#N/A,#N/A,#N/A,#N/A,#N/A
de9a69c3-edd9-44ac-8afc-8320b85a54fb,71ad01f3-e84b-49dd-9e4e-33b11e2182cb,s,Emily,Mr.,#N/A,#N/A,#N/A,#N/A,#N/A,#N/A,#N/A,#N/A,#N/A,#N/A,#N/A,#N/A,#N/A,#N/A,#N/A,#N/A,#N/A,#N/A,#N/A,#N/A,#N/A,#N/A,#N/A,#N/A,#N/A,#N/A,#N/A,#N/A,#N/A,#N/A,#N/A,#N/A
b400fa26-067f-4022-a6cb-2f2f94144a4f,296fdcec-f2f1-412c-a3d6-8eb03ca3e791,SA,#N/A,Ms.,#N/A,#N/A,#N/A,#N/A,#N/A,#N/A,#N/A,#N/A,#N/A,#N/A,#N/A,#N/A,#N/A,#N/A,#N/A,#N/A,#N/A,#N/A,#N/A,#N/A,#N/A,#N/A,#N/A,#N/A,#N/A,#N/A,#N/A,#N/A,#N/A,#N/A,#N/A,#N/A
de2600bc-1814-43f1-a78b-c074cbdb7d89,ce3164a0-ef61-45d1-b33e-08692bb60f64,Tomlin,Leanne,#N/A,#N/A,#N/A,#N/A,#N/A,#N/A,#N/A,#N/A,#N/A,10 Main Rd.,New York,NY,31349,USA,#N/A,#N/A,#N/A,(212) 555-5555,(212) 555-5555,#N/A,#N/A,#N/A,#N/A,info@salesforce.com,VP Customer Support,#N/A,#N/A,#N/A,#N/A,#N/A,#N/A,#N/A,#N/A
748a0dcd-0200-45f4-a9fb-112f007c00ae,c7e1cfae-279b-4470-a3c3-d11c46f8cb17,CI,#N/A,Mr.,#N/A,#N/A,#N/A,#N/A,#N/A,#N/A,#N/A,#N/A,#N/A,#N/A,#N/A,#N/A,#N/A,#N/A,#N/A,#N/A,#N/A,#N/A,#N/A,#N/A,#N/A,#N/A,#N/A,#N/A,#N/A,#N/A,#N/A,#N/A,#N/A,#N/A,#N/A,#N/A
be1e63d6-7512-40e0-9595-47017823bbb6,d37646fd-0dbe-4e2c-b3f5-1ceb3f7303c8,White,Carole,#N/A,#N/A,#N/A,#N/A,#N/A,#N/A,#N/A,#N/A,#N/A,150 Chestnut Street,Toronto,Ontario,L4B 1Y3,Canada,#N/A,#N/A,#N/A,(415) 555-1212,#N/A,#N/A,#N/A,#N/A,#N/A,info@salesforce.com,VP Sales,#N/A,#N/A,Employee Referral,#N/A,Carole White is looking at moving forward with our products and will act as the champion for us.,#N/A,#N/A,#N/A
e9640c89-ede3-4d94-9210-a1d17b832526,2037a0a6-7d0a-46fd-a13c-2a8e89c5e21c,MMM,#N/A,#N/A,#N/A,#N/A,#N/A,#N/A,#N/A,#N/A,#N/A,#N/A,#N/A,#N/A,#N/A,#N/A,#N/A,#N/A,#N/A,#N/A,#N/A,#N/A,#N/A,#N/A,#N/A,#N/A,#N/A,#N/A,#N/A,#N/A,#N/A,#N/A,#N/A,#N/A,#N/A,#N/A
a5361bc2-0752-41ff-8553-6b516846414e,4c1c2c9b-ba45-440f-b059-1ce4911a4b56,XI,#N/A,Ms.,#N/A,#N/A,#N/A,#N/A,#N/A,#N/A,#N/A,#N/A,#N/A,#N/A,#N/A,#N/A,#N/A,#N/A,#N/A,#N/A,#N/A,#N/A,#N/A,#N/A,#N/A,#N/A,#N/A,#N/A,#N/A,#N/A,#N/A,#N/A,#N/A,#N/A,#N/A,#N/A
d2d944a4-8dc2-44ed-a35c-9e964fde430d,9a749629-0037-4b08-996f-d27d96db01d5,Test,#N/A,#N/A,#N/A,#N/A,#N/A,#N/A,#N/A,#N/A,#N/A,#N/A,#N/A,#N/A,#N/A,#N/A,#N/A,#N/A,#N/A,#N/A,#N/A,#N/A,#N/A,#N/A,#N/A,#N/A,#N/A,#N/A,#N/A,#N/A,#N/A,#N/A,#N/A,#N/A,#N/A,#N/A
68b43ebe-9d28-4dfe-9470-28d8a8a3e018,836df058-ae0d-4a93-a17e-206f44698290,PO,#N/A,Dr.,#N/A,#N/A,#N/A,#N/A,#N/A,#N/A,#N/A,#N/A,#N/A,#N/A,#N/A,#N/A,#N/A,#N/A,#N/A,#N/A,#N/A,#N/A,#N/A,#N/A,#N/A,#N/A,#N/A,#N/A,#N/A,#N/A,#N/A,#N/A,#N/A,#N/A,#N/A,#N/A
